iata,land_code,stadt
AEP,AR,Buenos Aires
AFA,AR,San Rafael
AFL,BR,Alta Floresta
AGT,PY,Ciudad del Este
AGV,VE,Acarigua
AJU,BR,Aracaju
ANF,CL,Antofagasta
APO,CO,Apartado
AQA,BR,Araraquara
AQP,PE,Arequipa
ARI,CL,Arica
ARU,BR,Aracatuba
ASU,PY,Asuncion
ATM,BR,Altamira
AUC,CO,Arauca
AUX,BR,Araguaina
AXM,CO,Armenien
AYP,PE,Ayacucho
BAQ,CO,Barranquilla
BBA,CL,Balmaceda
BEL,BR,Belem
BGA,CO,Bucaramanga
BHI,AR,Bahia Blanca
BLA,VE,Barcelona
BNS,VE,Barinas
BOG,CO,Bogota
BPS,BR,Porto Seguro
BRC,AR,San Carlos Bariloche
BRM,VE,Barquisimeto
BSB,BR,Brasilia
BSC,CO,Bahia Solano
BUN,CO,Buenaventura
BVB,BR,Boa Vista
BVH,BR,Vilhena
CAC,BR,Cascavel
CAJ,VE,Canaima
CAW,BR,Campos dos Goytacazes
CAY,GF,Cayenne
CBB,BO,Cochabamba
CCM,BR,Criciuma
CCP,CL,Concepcion
CCS,VE,Caracas
CGB,BR,Cuiaba
CGH,BR,Sao Paulo
CGR,BR,Campo Grande
CHH,PE,Chachapoyas
CHM,PE,Chimbote
CIJ,BO,Cobija
CIX,PE,Chiclayo
CJA,PE,Cajamarca
CJC,CL,Calama
CKS,BR,Parauapebas
CLO,CO,Cali
CMG,BR,Corumba
CNF,BR,Belo Horizonte
CNQ,AR,Corrientes
COR,AR,Cordoba
CPC,AR,San Martin los Andes
CPO,CL,Copiapo
CPV,BR,Campina Grande
CRC,CO,Cartago
CRD,AR,Comodoro Rivadavia
CTC,AR,Catamarca
CTG,CO,Cartagena
CUC,CO,Cucuta
CUE,EC,Cue
CUM,VE,Cumana
CUP,VE,Carupano
CUZ,PE,Cusco
CWB,BR,Curitiba
CXJ,BR,Caxias do Sul
CZE,VE,Coro
CZS,BR,Cruzeiro do Sul
CZU,CO,Corozal
EJA,CO,Barrancabermeja
EOH,CO,Medellin
EQS,AR,Esquel
ESR,CL,El Salvador
ETR,EC,Santa Rosa
EYP,CO,Yopal
EZE,AR,Buenos Aires
FEN,BR,Fernando de Noronha
FLA,CO,Florencia
FLN,BR,Florianopolis
FMA,AR,Formosa
FOR,BR,Fortaleza
FTE,AR,Comandante A. Tola,
GEL,BR,Santo Angelo
GEO,GY,Georgetown
GIG,BR,Rio de Janeiro
GRU,BR,Sao Paulo
GYE,EC,Guayaquil
GYN,BR,Goiania
HUU,PE,Huanuco
IBE,CO,Ibague
IGR,AR,Iguazu
IGU,BR,Foz do Iguacu
ILQ,PE,Ilo
IMP,BR,Imperatriz
IOS,BR,Ilheus
IPC,CL,Osterinsel
IPN,BR,Ipatinga
IQQ,CL,Iquique
IQT,PE,Iquitos
IRJ,AR,La Rioja
ITB,BR,Itaituba
IZA,BR,Juiz de Fora
JAE,PE,Jaen
JAU,PE,Jauja
JDF,BR,Juiz de Fora
JJD,BR,Cruz
JOI,BR,Joinville
JPA,BR,Joao Pessoa
JTC,BR,Bauru
JUJ,AR,Jujuy
JUL,PE,Juliaca
KAI,GY,Kaieteur
LAJ,BR,Lages
LDB,BR,Londrina
LET,CO,Leticia
LHS,AR,Las Heras
LIM,PE,Jorge Chavez Intl,
LPB,BO,La Paz
LSC,CL,La Serena
LSP,VE,Las Piedras
LTM,GY,Lethem
LTX,EC,Latacunga
LUQ,AR,San Luis
MAB,BR,Maraba
MAO,BR,Manaus
MAR,VE,Maracaibo
MCP,BR,Macapa
MCZ,BR,Maceio
MDE,CO,Medellin
MDQ,AR,Mar del Plata
MDZ,AR,Mendoza
MEA,BR,Macae
MEC,EC,Manta
MEU,BR,Monte Dourado
MGF,BR,Maringa
MII,BR,Marilia
MNX,BR,Manicore
MOC,BR,Montes Claros
MPN,FK,Mount Pleasant
MRD,VE,Merida
MTR,CO,Monteria
MUN,VE,Maturin
MVD,UY,Montevideo
MVF,BR,Mossoro
MVP,CO,Mitu
MYC,VE,Maracay
MZL,CO,Manizales
NAT,BR,Natal Intl.,
NEC,AR,Necochea
NQN,AR,Neuquen
NVA,CO,Neiva
NVT,BR,Navegantes
NZC,PE,Nazca
OCC,EC,Coca
OGL,GY,Georgetown
PAV,BR,Paulo Afonso
PBM,SR,Paramaribo
PCL,PE,Pucallpa
PCR,CO,Puerto Carreno
PDA,CO,Puerto Inirida
PEI,CO,Pereira
PEM,PE,Puerto Maldonado
PET,BR,Pelotas
PFB,BR,Passo Fundo
PGZ,BR,Ponta Grossa
PHB,BR,Parnaiba
PIU,PE,Piura
PMC,CL,Puerto Montt
PMG,BR,Ponta Pora
PMQ,AR,Perito Moreno
PMV,VE,Porlamar
PMW,BR,Palmas
PMY,AR,Puerto Madryn
PNT,CL,Puerto Natales
PNZ,BR,Petrolina
POA,BR,Porto Alegre
PPB,BR,Presidente Prudente
PPN,CO,Popayan
PRA,AR,Parana
PSS,AR,Posadas
PSY,FK,Stanley
PSZ,BO,Puerto Suarez
PUD,AR,Puerto Deseado
PUQ,CL,Punta Arenas
PUU,CO,Puerto Asis
PVH,BR,Porto Velho
PYH,VE,Puerto Ayacucho
PZO,VE,Puerto Ordaz
RAO,BR,Ribeirao Preto
RBR,BR,Rio Branco
RCH,CO,Riohacha
REC,BR,Recife
REL,AR,Trelew
RES,AR,Resistencia
RGA,AR,Rio Grande
RGL,AR,Rio Gallegos
RHD,AR,Termas de Rio Hondo
RIA,BR,Santa Maria
ROO,BR,Rondonopolis
ROS,AR,Rosario
RSA,AR,Santa Rosa
RZA,AR,Puerto Santa Cruz
SCL,CL,Santiago
SDE,AR,Santiago del Estero
SDU,BR,Rio de Janeiro
SFN,AR,Santa Fe
SJE,CO,San Jose del Guaviare
SJK,BR,Sao Jose dos Campos
SJL,BR,Sao Gabriel Cachoeira
SJP,BR,Sao Jose do Rio Preto
SLA,AR,Salta
SLZ,BR,Sao Luis
SMR,CO,Santa Marta
SOM,VE,San Tome
SRE,BO,Sucre
SRZ,BO,Santa Cruz
SSA,BR,Salvador
SST,AR,Santa Teresita
STD,VE,Santo Domingo
STM,BR,Santarem
SVI,CO,San Vicente del Caguan
SVZ,VE,San Antonio Tachira
TBP,PE,Tumbes
TBT,BR,Tabatinga
TCO,CO,Tumaco
TCQ,PE,Tacna
TFF,BR,Tefe
THE,BR,Teresina
TJA,BO,Tarija
TME,CO,Tame
TMT,BR,Trombetas
TPP,PE,Tarapoto
TRU,PE,Trujillo
TTG,AR,Tartagal
TUA,EC,Tulcan
TUC,AR,Tucuman
TUR,BR,Tucurui
TYL,PE,Talara
UAQ,AR,San Juan
UBA,BR,Uberaba
UDI,BR,Uberlandia
UIB,CO,Quibdo
UIO,EC,Quito
ULA,AR,San Julian
URG,BR,Uruguaiana
USH,AR,Ushuaia
VCP,BR,Sao Paulo
VDC,BR,Glauber Rocha,
VDM,AR,Viedma
VIG,VE,El Vigia
VIX,BR,Vitoria
VLN,VE,Valencia
VLV,VE,Valera
VUP,CO,Valledupar
VVC,CO,Villavicencio
VVI,BO,Santa Cruz
XAP,BR,Chapeco
XMS,EC,Macas
YMS,PE,Yurimaguas
ZAL,CL,Valdivia
ZCO,CL,Temuco
ZOS,CL,Osorno
AAL,DK,Aalborg
AAQ,RU,Anapa
AAR,DK,Aarhus
ABA,RU,Abakan
ABZ,GB,Aberdeen
ACH,CH,Altenrhein
ACI,GB,Alderney
AER,RU,Sotschi
AES,NO,Alesund
AEY,IS,Akureyri
AGF,FR,Agen
AGH,SE,Angelholm/Helsingborg
AGP,ES,Malaga
AHO,IT,Alghero
AJA,FR,Ajaccio
AJR,SE,Arvidsjaur
ALC,ES,Alicante
ALF,NO,Alta
AMS,NL,Amsterdam
ANE,FR,Angers
ANR,BE,Antwerpen
ANX,NO,Andenes
AOI,IT,Ancona
AOK,GR,Karpathos
ARH,RU,Archangelsk
ARN,SE,Stockholm
ARW,RO,Arad
ATH,GR,Athen
AUR,FR,Aurillac
AVN,FR,Avignon
AXD,GR,Alexandroupolis
BAY,RO,Baia Mare
BCM,RO,Bacau
BCN,ES,Barcelona
BDS,IT,Brindisi
BDU,NO,Bardufoss
BEB,GB,Benbecula
BEG,RS,Belgrad
BER,DE,Berlin
BES,FR,Brest
BFS,GB,Belfast
BGC,PT,Braganca
BGO,NO,Bergen
BGY,IT,Mailand
BHD,GB,Belfast
BHX,GB,Birmingham
BIA,FR,Bastia
BIO,ES,Bilbao
BIQ,FR,Biarritz
BJF,NO,Batsfjord
BJZ,ES,Badajoz
BLE,SE,Borlange/Falun
BLK,GB,Blackpool
BLL,DK,Billund
BLQ,IT,Bologna
BMA,SE,Stockholm
BNN,NO,Bronnoysund
BNX,BA,Banja Luka
BOD,FR,Bordeaux
BOH,GB,Bournemouth
BOJ,BG,Burgas
BOO,NO,Bodo
BQT,BY,Brest
BRE,DE,Bremen
BRI,IT,Bari
BRN,CH,Bern
BRQ,CZ,Brünn
BRR,GB,Barra
BRS,GB,Bristol
BRU,BE,Brüssel
BSL,CH,Basel/Mülhausen
BTS,SK,Bratislava
BUD,HU,Budapest
BVA,FR,Paris
BVE,FR,Brive-la-Gaillarde
BVG,NO,Berlevag
BWK,HR,Brac
BZG,PL,Bydgoszcz
BZK,RU,Brjansk
BZO,IT,Bozen/Bolzano
BZR,FR,Beziers
CAG,IT,Cagliari
CAL,GB,Campbeltown
CAT,PT,Cascais
CCF,FR,Carcassonne
CDG,FR,Paris
CDT,ES,Castellon de la Plana
CEE,RU,Tscherepowez
CEK,RU,Tscheljabinsk
CEQ,FR,Cannes
CER,FR,Cherbourg
CFE,FR,Clermont-Ferrand
CFN,IE,Donegal
CFR,FR,Caen
CFU,GR,Kerkyra
CGN,DE,Köln/Bonn
CHQ,GR,Chania
CIA,IT,Rom
CIY,IT,Comiso
CLJ,RO,Cluj-Napoca
CLY,FR,Calvi
CMF,FR,Chambery/Aix-les-Bains
CND,RO,Constanta
CNL,DK,Sindal
CPH,DK,Kopenhagen
CRA,RO,Craiova
CRL,BE,Brüssel
CRV,IT,Crotone
CSY,RU,Tscheboksary
CTA,IT,Catania
CUF,IT,Cuneo
CWC,UA,Czernowitz
CWL,GB,Cardiff
DBV,HR,Dubrovnik
DCM,FR,Castres
DEB,HU,Debrecen
DIJ,FR,Dijon
DLE,FR,Dole
DME,RU,Moskau
DND,GB,Dundee
DNK,UA,Dnipro
DNR,FR,Dinard/St-Malo
DOL,FR,Deauville
DRS,DE,Dresden
DTM,DE,Dortmund
DUB,IE,Dublin
DUS,DE,Düsseldorf
EAS,ES,San Sebastian
EBA,IT,Insel Elba
EBJ,DK,Esbjerg
EBU,FR,St-Etienne
EDI,GB,Edinburgh
EFL,GR,Kefallinia
EGC,FR,Bergerac
EGO,RU,Belgorod
EGS,IS,Egilsstadir
EIK,RU,Yeysk
EIN,NL,Eindhoven
EMA,GB,Nottingham
ENF,FI,Enontekio
EOI,GB,Eday
EPU,EE,Parnu
ERF,DE,Erfurt
ESL,RU,Elista
ETZ,FR,Metz/Nancy
EVE,NO,Harstad/Narvik
EVG,SE,Sveg
EXT,GB,Exeter
EYK,RU,Beloyarsky
FAE,FK,Färöer Inseln
FAO,PT,Faro
FCO,IT,Rom
FDH,DE,Friedrichshafen
FKB,DE,Karlsruhe/Baden-Baden
FLR,IT,Florenz
FLW,PT,Insel Flores
FMM,DE,Memmingen
FMO,DE,Münster/Osnabrück
FNC,PT,Funchal
FNI,FR,Nimes
FOG,IT,Foggia
FRA,DE,Frankfurt
FRL,IT,Forlì
FRO,NO,Floro
FSC,FR,Figari
GCI,GB,Guernsey
GDN,PL,Danzig
GDZ,RU,Gelendzhik
GEV,SE,Gallivare
GIB,GI,Gibraltar
GLA,GB,Glasgow
GME,BY,Gomel
GNA,BY,Grodno
GNB,FR,Lyon
GOA,IT,Goa
GOJ,RU,Nishnij Nowgorod
GOT,SE,Göteborg
GPA,GR,Patrai
GRO,ES,Girona
GRQ,NL,Groningen
GRV,RU,Grosny
GRW,PT,Insel Graciosa
GRX,ES,Granada
GRZ,AT,Graz
GUW,KZ,Atyrau
GVA,CH,Genf
GWT,DE,Westerland
GWY,IE,Galway
HAD,SE,Halmstad
HAJ,DE,Hannover
HAM,DE,Hamburg
HAU,NO,Haugesund
HDF,DE,Heringsdorf
HEL,FI,Helsinki
HER,GR,Irakleion
HFN,IS,Hornafjordur
HFS,SE,Hagfors
HFT,NO,Hammerfest
HHN,DE,Frankfurt
HMV,SE,Hemavan/Tarnaby
HOR,PT,Horta
HOV,NO,Orsta/Volda
HRK,UA,Charkiw
HTA,RU,Tschita
HUY,GB,Humberside
HVG,NO,Honningsvag
HZK,IS,Husavik
IAS,RO,Iasi
IBZ,ES,Ibiza
IDY,FR,Ile d'Yeu
IEG,PL,Zielona Gora
IEV,UA,Kiew
IFJ,IS,Isafjordur
IFO,UA,Iwano-Frankiwsk
IJK,RU,Izhevsk
IKT,RU,Irkutsk
ILD,ES,Lleida
ILY,GB,Islay
INI,RS,Nis
INN,AT,Innsbruck
INV,GB,Inverness
IOA,GR,Ioannina
IOM,GB,Isle of Man
ISL,TR,Istanbul
IST,TR,Istanbul Flughafen,
IVL,FI,Ivalo
IWA,RU,Iwanowo
JER,JE,Jersey
JKG,SE,Jonkoping
JKH,GR,Chios
JMK,GR,Mykonos
JOE,FI,Joensuu
JOK,RU,Yoshkar-Ola
JSH,GR,Siteia
JSI,GR,Skiathos
JTR,GR,Thira
JYV,FI,Jyvaskyla
KAJ,FI,Kajaani
KAO,FI,Kuusamo
KBP,UA,Kiew
KDL,EE,Kardla
KEF,IS,Reykjavik
KEM,FI,Kemi/Tornio
KGD,RU,Kaliningrad
KGS,GR,Kos
KHE,UA,Kherson
KID,SE,Kristianstad
KIR,IE,Kerry
KIV,MD,Singera
KJA,RU,Krasnojarsk
KKN,NO,Kirkenes
KLR,SE,Kalmar
KLU,AT,Klagenfurt
KLV,CZ,Karlovy Vary
KLX,GR,Kalamata
KMW,RU,Kostroma
KOI,GB,Kirkwall
KOK,FI,Kokkola/Pietarsaari
KRF,SE,Kramfors/Solleftea
KRK,PL,Krakau
KRN,SE,Kiruna
KRP,DK,Karup
KRR,RU,Krasnodar
KRS,NO,Kristiansand
KSC,SK,Kosice
KSD,SE,Karlstad
KSF,DE,Kassel
KSU,NO,Kristiansund
KSZ,RU,Kotlas
KTT,FI,Kittila
KTW,PL,Kattowitz
KUF,RU,Samara
KUN,LT,Kaunas
KUO,FI,Kuopio
KVA,GR,Kavala
KVO,RS,Kraljevo
KVX,RU,Kirov
KWG,UA,Krivyi Rih
KZI,GR,Kozani
KZN,RU,Kasan
LBA,GB,Leeds/Bradford
LBC,DE,Lübeck
LCG,ES,A Coruna
LCJ,PL,Lodz
LCY,GB,London
LDE,FR,Lourdes/Tarbes
LDY,GB,Derry
LED,RU,St. Petersburg
LEH,FR,Le Havre
LEI,ES,Almeria
LEJ,DE,Leipzig/Halle
LEN,ES,Leon
LEY,NL,Lelystad
LGG,BE,Lüttich
LGW,GB,London
LHR,GB,London
LIG,FR,Limoges
LIL,FR,Lille
LIN,IT,Mailand
LIS,PT,Lissabon
LJU,SK,Ljubljana
LKL,NO,Lakselv
LKN,NO,Leknes
LLA,SE,Lulea
LMP,IT,Lampedusa
LNZ,AT,Linz
LPI,SE,Linkoping
LPK,RU,Lipetsk
LPL,GB,Liverpool
LPP,FI,Lappeenranta
LPX,LV,Liepaja
LPY,FR,Le Puy
LRH,FR,La Rochelle
LRT,FR,Lorient
LSI,GB,Shetlandinseln
LTN,GB,London
LUG,CH,Lugano
LUX,LU,Luxemburg
LUZ,PL,Lublin
LWO,UA,Lviv
LYC,SE,Lycksele
LYR,SJ,Longyearbyen
LYS,FR,Lyon
MAD,ES,Madrid
MAH,ES,Menorca
MAN,GB,Man
MCX,RU,Machatschkala
MEH,NO,Mehamn
MHG,DE,Mannheim
MHQ,FI,Mariehamn
MJF,NO,Mosjoen
MJT,GR,Mytilini
MLA,MT,Malta
MME,GB,Teesside
MMK,RU,Murmansk
MMX,SE,Malmö
MOL,NO,Molde
MPL,FR,Montpellier
MPW,UA,Mariupol
MQF,RU,Magnitogorsk
MQJ,RU,Khonu
MQN,NO,Mo i Rana
MRS,FR,Marseille
MRV,RU,Mineralnye Vody
MSQ,BY,Minsk
MST,NL,Maastricht
MUC,DE,München
MVQ,BY,Mogilev
MXP,IT,Mailand
MXX,SE,Mora
NAL,RU,Naltschik
NAP,IT,Neapel
NBC,RU,Nizhnekamsk
NCE,FR,Nizza
NCL,GB,Newcastle
NCY,FR,Annecy
NLV,UA,Mykolaiv
NOC,IE,Knock
NOZ,RU,Nowokuznetsk
NQY,GB,Newquay
NRK,SE,Norrkoping
NRN,DE,Düsseldorf
NTB,NO,Notodden
NTE,FR,Nantes
NUE,DE,Nürnberg
NWI,GB,Norwich
NYA,RU,Nyagan
NYO,SE,Stockholm
ODE,DK,Odense
ODS,UA,Odesa
OER,SE,Ornskoldsvik
OGZ,RU,Wladikawkas
OHD,MK,Ohrid
OLA,NO,Orland
OLB,IT,Olbia
OLZ,RU,Olekminsk
OMO,BA,Mostar
OMR,RO,Oradea
OPO,PT,Porto
ORB,SE,Orebro
ORK,IE,Cork
ORY,FR,Paris
OSD,SE,Are/Ostersund
OSI,HR,Osijek
OSL,NO,Oslo
OSR,CZ,Ostrava
OST,BE,Oostende/Brügge
OTP,RO,Bukarest
OUL,FI,Oulu
OVB,RU,Nowosibirsk
OVD,ES,Asturien
OZH,UA,Zaporizhzhia
PAD,DE,Paderborn/Lippstadt
PDL,PT,Ponta Delgada
PDV,BG,Plovdiv
PED,CZ,Pardubice
PEE,RU,Perm
PEG,IT,Perugia
PES,RU,Petrozavodsk
PEZ,RU,Penza
PGF,FR,Perpignan
PIK,GB,Glasgow
PIS,FR,Poitiers
PIX,PT,Pico Insel
PKV,RU,Pskow
PLQ,LT,Klaipeda/Palanga
PMF,IT,Mailand
PMI,ES,Palma de Mallorca
PMO,IT,Palermo
PNA,ES,Pamplona
PNL,IT,Pantelleria
POR,FI,Pori
POZ,PL,Poznan
PRG,CZ,Prag
PRM,PT,Portimao
PRN,XK,Pristina
PSA,IT,Pisa
PSR,IT,Pescara
PUF,FR,Pau
PUY,HR,Pula
PVK,GR,Preveza/Lefkada
PXO,PT,Porto Santo
RDO,PL,Warschau
RDZ,FR,Rodez
REG,IT,Reggio di Calabria
REN,RU,Orenburg
REU,ES,Reus
RGS,ES,Burgos
RHO,GR,Rhodos
RIX,LV,Riga
RJK,HR,Rijeka
RKV,IS,Reykjavik
RLG,DE,Rostock
RMI,IT,Rimini
RMU,ES,Murcia
RNB,SE,Ronneby/Karlskrona
RNN,DK,Bornholm
RNS,FR,Rennes
ROV,RU,Rostow
RRS,NO,Roros
RTM,NL,Rotterdam
RVK,NO,Rorvik
RVN,FI,Rovaniemi
RWN,UA,Rivne
RYB,RU,Rybinsk
RZE,PL,Rzeszow
SBZ,RO,Sibiu
SCN,DE,Saarbrücken
SCQ,ES,Santiago de Compostela
SCR,SE,Salen
SCV,RO,Suceava
SCW,RU,Syktyvkar
SDL,SE,Sundsvall/Harnosand
SDR,ES,Santander
SEK,RU,Srednekolymsk
SEN,GB,London
SFT,SE,Skelleftea
SGD,DK,Sonderborg
SIP,UA,Simferopol Intl,
SJJ,BA,Sarajewo
SJY,FI,Seinajoki
SJZ,PT,Insel Sao Jorge
SKG,GR,Thessaloniki
SKN,NO,Stokmarknes
SKP,MK,Skopje
SKX,RU,Saransk
SLD,SK,Sliac
SLM,ES,Salamanca
SMA,PT,Insel Santa Maria
SMI,GR,Samos
SNN,IE,Shannon
SOB,HU,Heviz
SOF,BG,Sofia
SOJ,NO,Sorkjosen
SOU,GB,Southampton
SPU,HR,Split
SQO,SE,Storuman
SRP,NO,Sorstokken,
SSJ,NO,Sandnessjoen
STN,GB,London
STR,DE,Stuttgart
STW,RU,Stavropol
SUF,IT,Lamezia Terme
SUJ,RO,Satu Mare
SVG,NO,Stavanger
SVJ,NO,Svolvaer
SVL,FI,Savonlinna
SVO,RU,Moskau
SVQ,ES,Sevilla
SXB,FR,Straßburg
SYS,RU,Saskylakh
SYY,GB,Stornoway
SZG,AT,Salzburg
SZY,PL,Szczytno
SZZ,PL,Szczecin
TAT,SK,Poprad
TAY,EE,Tartu
TEQ,TR,Tekirdag
TER,PT,Insel Terceira
TGD,ME,Podgorica
TGK,RU,Taganrog
TGM,RO,Targu-Mures
THN,SE,Trollhattan/Vanersborg
TIA,IR,Tirana
TIV,ME,Tivat
TKU,FI,Turku
TLL,EE,Tallinn
TLN,FR,Toulon/Hyeres
TLS,FR,Toulouse
TMP,FI,Tampere
TOS,NO,Tromsö
TPS,IT,Trapani
TRD,NO,Trondheim
TRE,GB,Tiree
TRF,NO,Oslo
TRN,IT,Turin
TRS,IT,Triest
TSF,IT,Venedig
TSR,RO,Timisoara
TUF,FR,Tours
TYF,SE,Torsby
TZL,BA,Tuzla
UDJ,UA,Uzhhorod
UFA,RU,Ufa
UIP,FR,Quimper
ULV,RU,Uljanowsk
ULY,RU,Uljanowsk
UME,SE,Umea
URE,EE,Kuressaare
URO,FR,Rouen
URS,RU,Kursk
USR,RU,Ust-Nera
UUD,RU,Ulan-Ude
UUS,RU,Juschno-Sachalinsk
VAA,FI,Vaasa
VAR,BG,Varna
VAW,NO,Vardo
VBS,IT,Verona
VBY,SE,Visby
VCE,IT,Venedig
VDS,NO,Vadso
VGO,ES,Vigo
VHM,SE,Vilhelmina
VIE,AT,Wien
VIT,ES,Vitoria
VKO,RU,Moskau
VLC,ES,Valencia
VLL,ES,Valladolid
VLY,GB,Anglesey
VNO,LT,Vilnius
VNT,LV,Ventspils
VOG,RU,Wolgograd
VOL,GR,Volos
VOZ,RU,Woronesch
VRK,FI,Varkaus
VRL,PT,Vila Real
VRN,IT,Verona
VSE,PT,Viseu
VST,SE,Stockholm
VVO,RU,Wladiwostok
VXO,SE,Vaxjo
WAT,IE,Waterford
WAW,PL,Warschau
WIC,GB,Wick
WMI,PL,Nowy Dwor Mazowiecki
WRO,PL,Breslau
XCR,FR,Paris
XRY,ES,Jerez
ZAD,HR,Zadar
ZAG,HR,Zagreb
ZAZ,ES,Zaragoza
ZIA,RU,Zhukovsky
ZRH,CH,Zürich
ZTH,GR,Insel Zakynthos
AAC,EG,El Arish
AAN,AE,Al Ain
AAP,ID,Samarinda
AAT,CN,Altay
AAY,YE,Al Ghaydah
ABD,IR,Abadan
ABT,SA,Al Baha
ACX,CN,Xingyi
ADA,TR,Ada
ADB,TR,Izmir
ADE,YE,Aden
ADF,TR,Adiyaman
ADJ,JO,Amman
ADU,IR,Ardabil
AEB,CN,Baise
AEG,ID,Padangsidempuan
AEU,IR,Abu Musa Insel
AFZ,IR,Sabzevar
AGR,IN,Agra
AGX,IN,Insel Agatti
AHB,SA,Abha
AJF,SA,Jouf
AJI,TR,Agri
AJL,IN,Aizawl
AKJ,JP,Asahikawa
AKU,CN,Aksu
AKX,KZ,Aktobe
AKY,MM,Sittwe
ALA,KZ,Almaty
ALP,SY,Aleppo
AMD,IN,Ahmedabad
AMM,JO,Amman
AMQ,ID,Ambon
AMV,RU,Amderma
AOE,TR,Eskisehir
AOG,CN,Anshan
AOJ,JP,Aomori
AOR,MY,Alor Setar
AQG,CN,Anqing
AQI,SA,Qaisumah
AQJ,JO,Aqaba
ASB,TM,Ashgabat
ASF,RU,Astrakhan
ASJ,JP,Amami
ASR,TR,Kayseri
ATQ,IN,Amritsar
AUH,AE,Abu Dhabi
AVA,CN,Anshun
AVK,MN,Arvaikheer
AWZ,IR,Ahwaz
AXF,CN,Alxa Linkes Banner
AXT,JP,Akita
AYT,TR,Antalya
AZD,IR,Yazd
AZN,UZ,Andizhan
BAG,PH,Baguio
BAH,BH,Bahrain
BAL,TR,Batman
BAR,US,Qionghai
BAV,CN,Baotou
BAX,RU,Barnaul
BBI,IN,Bhubaneshwar
BBM,KH,Battambang
BBN,MY,Bario
BCD,PH,Bacolod
BDH,IR,Bandar Lengeh
BDJ,ID,Banjarmasin
BDO,ID,Bandung
BDQ,IN,Vadodara
BEJ,ID,Tanjung Redeb
BEY,LB,Beirut
BFJ,CN,Bijie
BFV,TH,Buriram
BGW,IQ,Bagdad
BHH,SA,Bisha
BHJ,IN,Bhuj
BHK,UZ,Bukhara
BHO,IN,Bhopal
BHU,IN,Bhavnagar
BHV,PK,Bahawalpur
BIK,ID,Biak
BIR,NP,Biratnagar
BJB,IR,Bojnurd
BJV,TR,Bodrum
BKI,MY,Kota Kinabalu
BKK,TH,Bangkok
BKS,ID,Bengkulu
BLR,IN,Bengaluru
BMV,VN,Buon Ma Thuot
BND,IR,Bandar Abbas
BOM,IN,Mumbai
BPE,CN,Qinhuangdao
BPL,CN,Bole
BPN,ID,Balikpapan
BPX,CN,Qamdo/Changdu
BQA,PH,Ballenpresse
BQS,RU,Blagoweschtschensk
BSD,CN,Baoshan
BSO,PH,Basco
BSR,IQ,Basrah
BTC,LK,Batticaloa
BTH,ID,Batam
BTJ,ID,Banda Aceh
BTK,RU,Bratsk
BTU,MY,Bintulu
BUS,GE,Batumi
BUZ,IR,Bushehr
BVJ,RU,Bovanenkovo
BWA,NP,Bhairahawa
BWN,BN,Bandar Seri Begawan
BWO,RU,Balakowo
BXR,IR,Bam
BXU,PH,Butuan
BYN,MN,Bayankhongor
BZI,TR,Balikesir
BZL,BD,Barisal
CAH,VN,Ca Mau
CAN,CN,Guangzhou
CBO,PH,Cotabato
CCJ,IN,Kozhikode
CCK,CC,Cocosinseln
CCU,IN,Kolkata
CDE,CN,Chengde
CDP,IN,Cuddapah
CEB,PH,Cebu
CEI,TH,Chiang Rai
CGD,CN,Changde
CGK,ID,Jakarta
CGM,PH,Insel Camiguin
CGO,CN,Zhengzhou
CGP,BD,Chittagong
CGQ,CN,Changchun
CGY,PH,Cagayan de Oro
CHG,CN,Chaoyang (Liaoning)
CIF,CN,Chifeng
CIT,KZ,Shymkent
CJB,IN,Coimbatore
CJJ,KR,Cheongju
CJL,PK,Chitral
CJM,TH,Chumphon
CJU,KR,Jeju
CKG,CN,Chongqing
CKH,RU,Chokurdakh
CKZ,TR,Canakkale
CMB,LK,Bandaranaike Intl,
CNI,CN,Changhai
CNN,IN,Kannur
CNX,TH,Chiang Mai
COK,IN,Kochi
CQW,CN,Wulong
CRK,PH,Angeles/Mabalacat
CRM,PH,Catarman
CRZ,TM,Turkmenabat
CSX,CN,Changsha
CTS,JP,Sapporo
CTU,CN,Chengdu
CWJ,CN,Cangyuan
CXB,BD,Cox's Bazar
CXP,ID,Cilacap
CXR,VN,Nha Trang
CYI,TW,Chiayi
CYP,PH,Calbayog
CYX,RU,Chersky
CYZ,PH,Cauayan
CZX,CN,Changzhou
DAC,BD,Dhaka
DAD,VN,Da Nang
DAM,SY,Damaskus
DBC,CN,Baicheng
DBR,IN,Darbhanga
DCY,CN,Daocheng
DDG,CN,Dandong
DEA,PK,Dera Ghazi Khan
DED,IN,Dehra Dun
DEF,IR,Dezful
DEL,IN,Delhi
DGT,PH,Dumaguete
DHM,IN,Dharamsala
DIB,IN,Dibrugarh
DIG,CN,Deqen
DIL,TL,Dili
DIN,VN,Dien Bien Phu
DIY,TR,Diyarbakir
DJJ,ID,Jayapura
DLC,CN,Dalian
DLI,VN,Da Lat
DLM,TR,Dalaman
DLU,CN,Dali
DLZ,MN,Dalanzadgad
DMB,KZ,Taraz
DMK,TH,Bangkok
DMM,SA,Dammam
DMU,IN,Dimapur
DNH,CN,Dunhuang
DNZ,TR,Denizli
DOH,QA,Doha
DPL,PH,Dipolog
DPS,ID,Denpasar-Bali
DQM,OM,Duqm
DSK,PK,Dera Ismail Khan
DSN,CN,Ordos
DSO,KP,Sondok
DTU,CN,Wudalianchi
DUM,ID,Dumai
DVO,PH,Davao
DWC,AE,Dubai
DWD,SA,Dawadmi
DXB,AE,Dubai
DYR,RU,Anadyr
DYU,TJ,Duschanbe
DZN,KZ,Zhezkazgan
EAM,SA,Nejran
EBL,IQ,Erbil
ECN,CY,Ercan
EDO,TR,Edremit
EHU,CN,Ezhou
EIE,RU,Jenissejsk
EJH,SA,Wedjh
ELQ,SA,Gassim
ENH,CN,Enshi
ENY,CN,Yan'an
ERC,TR,Erzincan
ERL,CN,Erenhot
ERZ,TR,Erzurum
ESB,TR,Ankara
ETM,IL,Eilat
EVN,AM,Eriwan
EZS,TR,Elazig
FEG,UZ,Fergana
FJR,AE,Fujairah
FKQ,ID,Fak Fak
FKS,JP,Fukushima
FLZ,ID,Sibolga
FNJ,KP,Pjöngjang
FOC,CN,Fuzhou
FRU,KG,Manas Intl,
FSZ,JP,Shizuoka
FUG,CN,Fuyang
FUJ,JP,Fukue
FUK,JP,Fukuoka
FUO,CN,Foshan
FYJ,CN,Fuyuan
FYN,CN,Fuyun
GAJ,JP,Yamagata
GAN,MV,Insel Gan
GAU,IN,Guwahati
GAY,IN,Gaya
GBB,AZ,Gabala
GCH,IR,Gachsaran
GDB,IN,Gondia
GDX,RU,Magadan
GEC,CY,Gecitkale
GES,PH,General Santos
GIL,PK,Gilgit
GIZ,SA,Gizan
GMP,KR,Seoul
GMQ,CN,Golog
GNS,ID,Gunung Sitoli
GNY,TR,Sanliurfa
GOI,IN,Tura
GOP,IN,Gorakhpur
GOQ,CN,Golmud
GOX,IN,Goa
GWD,PK,Gwadar
GWL,IN,Gwalior
GXF,YE,Sayun
GXH,CN,Xiahe
GYD,AZ,Baku
GYS,CN,Guangyuan
GZP,TR,Gazipasa
GZT,TR,Gaziantep
HAC,JP,Hachijojima
HAK,CN,Haikou
HAN,VN,Hanoi
HAQ,MV,Insel Hanimaadhoo
HAS,SA,Hagel
HBX,IN,Hubli Flughafen,
HCJ,CN,Hechi
HCN,TW,Hengchun
HCZ,CN,Chenzhou
HDG,CN,Handan
HDM,IR,Hamadan
HDY,TH,Hat Yai
HEA,AF,Herat
HEK,CN,Heihe
HET,CN,Hohhot
HFA,IL,Haifa
HFE,CN,Hefei
HGH,CN,Hangzhou
HGN,TH,Mae Hong Son
HHQ,TH,Hua Hin
HIA,CN,Huai'an
HIJ,JP,Hiroshima
HIN,KR,Jinju
HJJ,CN,Huaihua
HJR,IN,Khajuraho
HKD,JP,Hakodate
HKG,HK,Hongkong Intl,
HKT,TH,Phuket
HLD,CN,Hailar
HLP,ID,Jakarta
HMA,RU,Chanty-Mansijsk
HMI,CN,Hami
HNA,JP,Hanamaki
HND,JP,Tokio
HOD,YE,Hodeidah
HOF,SA,Hof
HPG,CN,Shennongjia
HPH,VN,Haiphong
HRB,CN,Harbin
HRI,LK,Hambantota
HSA,KZ,Turkistan
HSG,JP,Saga
HTG,RU,Khatanga
HTN,CN,Hotan
HTT,CN,Huatugou
HTY,TR,Hatay
HUI,VN,Hue
HUN,TW,Hualien
HUO,CN,Huolinguole
HUZ,CN,Huizhou
HVD,MN,Khovd
HYD,IN,Hyderabad
HYN,CN,Taizhou
HZA,CN,Heze
HZH,CN,Liping
IAA,RU,Igarka
IBR,JP,Ibaraki
ICN,KR,Seoul
IDR,IN,Idre
IFN,IR,Isfahan
IGD,TR,Igdir
IGT,RU,Magas
IKA,IR,Teheran
IKI,JP,Iki
IKS,RU,Tiksi
IKU,KG,Tamchy
ILO,PH,Ilo
IMF,IN,Imphal
INC,CN,Yinchuan
IPH,MY,Ipoh
IQM,CN,Qiemo
IQN,CN,Qingyang
ISB,PK,Islamabad
ISE,TR,Isparta
ISG,JP,Ishigaki
ISK,IN,Nasik
ISU,IQ,Sulaymaniyah
ITM,JP,Osaka
IWJ,JP,Masuda
IWK,JP,Iwakuni
IXA,IN,Agartala
IXB,IN,Bagdogra
IXC,IN,Chandigarh
IXD,IN,Allahabad
IXE,IN,Mangalore
IXG,IN,Sambre,
IXI,IN,Lilabari
IXJ,IN,Jammu
IXL,IN,Leh
IXM,IN,Madurai
IXP,IN,Pathankot
IXR,IN,Ranchi
IXS,IN,Silchar
IXU,IN,Aurangabad
IXY,IN,Kandla
IXZ,IN,Port Blair
IZO,JP,Izumo
JAF,LK,Jaffna
JAI,IN,Jaipur
JDH,IN,Jodhpur
JDZ,CN,Jingdezhen
JED,SA,Jeddah
JGA,IN,Jamnagar
JGD,CN,Jiagedaqi
JGS,CN,Ji'an
JHB,MY,Johor Bahru
JHG,CN,Jinghong
JIQ,CN,Qianjiang
JJN,CN,Quanzhou
JKR,NP,Janakpur
JLR,IN,Jabalpur
JMJ,CN,Lancang
JMU,CN,Jiamusi
JNG,CN,Jining
JNZ,CN,Jinzhou
JOG,ID,Yogyakarta
JOL,PH,Jolo
JRH,IN,Jorhat
JSJ,CN,Jiansanjiang
JSR,BD,Jessore
JUZ,CN,Quzhou
JXA,CN,Jixi
JZH,CN,Jiuzhaigou
KAC,SY,Kamishly
KAW,MM,Kawthaung
KBL,AF,Kabul
KBR,MY,Kota Bharu
KBV,TH,Krabi
KCH,MY,Kuching
KCM,TR,Kahramanmaras
KCT,LK,Koggala
KCZ,JP,Kochi
KDH,AF,Kandahar
KDM,MV,Kaadedhdhoo Insel
KDO,MV,Kadhdhoo Insel
KDU,PK,Skardu
KEJ,RU,Kemerowo
KEP,NP,Nepalganj
KER,IR,Kerman
KET,MM,Kengtung
KGF,KZ,Karaganda
KGP,RU,Kogalym
KGT,CN,Kangding
KHD,IR,Khorramabad
KHG,CN,Kashi
KHH,TW,Kaohsiung
KHI,PK,Karachi
KHN,CN,Nanchang
KHS,OM,Khasab
KHV,RU,Chabarowsk
KIH,IR,Insel Kish
KIJ,JP,Niigata
KIX,JP,Osaka
KJB,IN,Kurnool
KJH,CN,Huang Ping
KJI,CN,Burqin
KKC,TH,Khon Kaen
KKJ,JP,Kitakyushu
KKS,IR,Kashan
KKX,JP,Kikai
KLH,IN,Kolhapur
KLO,PH,Kalibo
KMC,SA,King Khalid Mil. Stadt
KMG,CN,Kunming
KMI,JP,Miyazaki
KMJ,JP,Kumamoto
KMQ,JP,Komatsu
KNG,ID,Utarom
KNH,TW,Kinmen
KNO,ID,Medan
KNU,IN,Kanpur
KOJ,JP,Kagoshima
KOP,TH,Nakhon Phanom
KOV,KZ,Kokshetau
KPO,KR,Pohang
KPW,RU,Keperveyem
KQH,IN,Kishangarh
KQT,TJ,Qurghonteppa
KRL,CN,Korla
KRO,RU,Kurgan
KRW,TM,Turkmenbashi
KSH,IR,Kermanshah
KSN,KZ,Kostanay
KSY,TR,Kars
KTD,JP,Kitadaito
KTG,ID,Ketapang
KTM,NP,Kathmandu
KUA,MY,Kuantan
KUH,JP,Kushiro
KUL,MY,Kuala Lumpur
KUM,JP,Yakushima
KUT,GE,Kutaisi
KUV,KR,Gunsan
KVD,AZ,Qarayeri
KWE,CN,Guiyang
KWI,KW,Kuwait
KWJ,KR,Gwangju
KWL,CN,Guilin
KXB,ID,Kolaka
KXK,RU,Komsomolsk-na-Amure
KYA,TR,Konya
KYD,TW,Lanyu (Orchideeninsel)
KYP,MM,Kyaukpyu
KYZ,RU,Kyzyl
LAO,PH,Laoag
LBD,TJ,Khujand
LBU,MY,Labuan
LCA,CY,Larnaca
LCX,CN,Longyan
LDS,CN,Yichun (Heilongjiang)
LDU,MY,Lahad Datu
LFM,IR,Lamerd
LFQ,CN,Linfen
LGK,MY,Langkawi
LHE,PK,Lahore
LHW,CN,Lanzhou
LIW,MM,Loikaw
LJG,CN,Lijiang
LKO,IN,Lucknow
LLC,PH,Lal-lo
LLF,CN,Yongzhou
LLV,CN,Luliang
LMN,MY,Limbang
LNJ,CN,Lincang
LNL,CN,Longnan
LOE,TH,Loei
LOP,ID,Praya
LPF,CN,Liupanshui
LPQ,LA,Luang Prabang
LPT,TH,Lampang
LRR,IR,Lar
LSH,MM,Lashio
LTI,MN,Altai
LTK,SY,Latakia
LTU,IN,Latur
LUM,CN,Mangshi
LUV,ID,Langgur
LWN,AM,Gjumri
LXA,CN,Lhasa/Lasa
LYA,CN,Luoyang
LYG,CN,Lianyungang
LYP,PK,Faisalabad
LZH,CN,Liuzhou
LZN,TW,Matsu (Nangan)
LZO,CN,Luzhou
LZY,CN,Nyingchi/Linzhi
MAA,IN,Chennai
MAQ,TH,Mae Sot
MBE,JP,Monbetsu
MBT,PH,Masbate
MCT,OM,Muscat
MDC, "ID",Manado
MDG,CN,Mudanjiang
MDL,MM,Mandalay
MED,SA,Madinah
MEQ, "ID",Cut Nyak Dien
MFG,PK,Muzaffarabad
MFK,TW,Matsu (Beigan)
MFM,HK,Macau
MGZ,MM,Myeik
MHD,IR,Mashhad
MIG,CN,Mianyang
MJD,PK,Moenjodaro
MJZ,RU,Mirny
MKM,MY,Mukah
MKQ,ID,Merauke
MKW,ID,Rendani,
MLE,MV,Männlich
MLG,ID,Malang
MLX,TR,Malatya
MMB,JP,Memanbetsu
MMD,JP,Minamidaito
MMJ,JP,Matsumoto
MMY,JP,Miyakojima
MNL,PH,Manila
MOG,MM,Mong Hsat
MPH,PH,Caticlan
MQM,TR,Mardin
MRX,IR,Bandar Mahshahr
MSJ,JP,Misawa
MSR,TR,Mus
MUR,MY,Marudi
MUX,PK,Multan
MWX,KR,Muan
MXV,MN,Moron
MYE,JP,Miyakejima
MYJ,JP,Matsuyama
MYP,TM,Mary
MYT,MM,Myitkyina
MYY,MY,Miri
MZG,TW,Penghu
MZR,AF,Mazar-e Sharif
MZV,MY,Mulu
NAG,IN,Nagpur
NAH,ID,Tahuna
NAJ,AZ,Nakchivan
NAW,TH,Narathiwat
NBS,CN,Baishan
NBX,ID,Nabire
NCU,UZ,Nukus
NDC,IN,Nanded
NDG,CN,Qiqihar
NER,RU,Neryungri
NFG,RU,Neftejugansk
NGB,CN,Ningbo
NGO,JP,Nagoya
NGQ,CN,Shiquanhe
NGS,JP,Nagasaki
NJC,RU,Nishnewartowsk
NJF,IQ,Al Nadschaf
NKG,CN,Nanjing
NKM,JP,Nagoya
NKT,TR,Sirnak
NLH,CN,Ninglang
NLI,RU,Nikolajewsk-na-Amure
NLT,CN,Xinyuan
NMF,MV,Maafaru
NNG,CN,Nanning
NNM,RU,Naryan-Mar
NNT,TH,Nan
NOJ,RU,Nojabrsk
NOP,TR,Sinop
NPO,ID,Nangapinoh
NQZ,KZ,Astana
NRT,JP,Tokio
NSH,IR,Jetzt Shahr
NSK,RU,Norilsk
NST,TH,Nakhon Si Thammarat
NTG,CN,Nantong
NTQ,JP,Wajima
NTX,ID,Natuna
NUM,SA,Neom Bay
NUX,RU,Nowy Urengoi
NVI,UZ,Navoi
NYM,RU,Nadym
NYT,MM,Nay Pyi Taw
NZH,CN,Manzhouli
NZL,CN,Zhalantun
OBO,JP,Obihiro
OGN,JP,Yonaguni
OGU,TR,Ordu/Giresun
OHE,CN,Mohe
OHO,RU,Ochotsk
OIM,JP,Oshima
OIR,JP,Okushiri
OIT,JP,Oita
OKA,JP,Okinawa
OKD,JP,Sapporo
OKE,JP,Okierabu
OKI,JP,Oki
OKJ,JP,Okayama
OKL,ID,Oksibil
OMH,IR,Urumiyeh
OMS,RU,Omsk
ONJ,JP,Odate/Noshiro
ONQ,TR,Zonguldak
OSS,KG,Osh Flughafen,
OSW,RU,Orsk
OVS,RU,Sovetsky
OZC,PH,Ozamiz
PAB,IN,Bilaspur
PAG,PH,Pagadian
PAT,IN,Patna
PBD,IN,Porbandar
PBH,BT,Paro
PBU,MM,Putao
PDG,ID,Padang
PDO,ID,Pendopo
PEK,CN,Peking
PEN,MY,Penang
PEW,PK,Peshawar
PEX,RU,Petschora
PFO,CY,Paphos
PGH,IN,Pantnagar
PGU,IR,Asaloyeh
PHS,TH,Phitsanulok
PHY,TH,Phetchabun
PIF,TW,Pingtung Süd,
PJG,PK,Panjgur
PKC,RU,Petropavlovsk
PKR,NP,Pokhara
PKU,ID,Pekanbaru
PKX,CN,Peking
PKY,ID,Tjilik Riwut,
PKZ,LA,Pakse
PLM,ID,Palembang
PLW,ID,Mutiara,
PLX,KZ,Semey
PNH,KH,Phnom Penh
PNK,ID,Pontianak
PNQ,IN,Pune
PNY,IN,Pondicherry
PPK,KZ,Petropavlovsk
PPS,PH,Puerto Princesa
PQC,VN,Phu Quoc Insel
PSI,PK,Pasni
PSU,ID,Putussibau
PUS,KR,Busan
PVG,CN,Shanghai
PWQ,KZ,Pawlodar
PXR,TH,Surin
PXU,VN,Pleiku
PYJ,RU,Polyarny
PYK,IR,Karadsch
PZH,PK,Zhob
PZI,CN,Panzhihua
QSZ,CN,Shache
RAE,SA,Arar
RAH,SA,Rafha
RAJ,IN,Rajkot
RAS,IR,Rasht
RAZ,PK,Rawala Kot
RDP,IN,Durgapur
REP,KH,Siem Reap
RGN,MM,Yangon
RGO,KP,Chongjin
RIS,JP,Rishiri
RIY,YE,Mukalla
RIZ,PA,Rizhao
RJA,IN,Rajahmundry
RJH,BD,Rajshahi
RJN,IR,Rafsanjan
RKT,AE,Ras al Khaimah
RKZ,CN,Xigaze/Rikaze
RLK,CN,Bayannur
RML,LK,Colombo
RMQ,TW,Taichung
RNJ,JP,Yoron
ROI,TH,Roi Et
RQA,CN,Ruoqiang
RSU,KR,Yeosu/Suncheon
RUH,SA,Riyadh
RXS,PH,Roxas
RYK,PK,Rahim Yar Khan
RZR,IR,Ramsar
RZV,TR,Rize
SAG,IN,Shirdi
SAH,YE,Sana'a
SAW,TR,Istanbul
SBT,RU,Sabetta
SBW,MY,Sibu
SCO,KZ,Aktau
SCT,YE,Sokotra
SDG,IR,Sanandaj
SDJ,JP,Sendai
SDK,MY,Sandakan
SDS,JP,Sado
SDT,PK,Saidu Sharif
SDW,IN,Malvan
SFE,PH,San Fernando
SFS,PH,Subic Bay
SGC,RU,Surgut
SGN,VN,Ho Chi Minh Stadt
SHA,CN,Shanghai
SHB,JP,Nakashibetsu
SHE,CN,Shenyang
SHJ,AE,Sharjah
SHL,IN,Shillong
SHM,JP,Shirahama
SHS,CN,Jingzhou
SHW,SA,Sharurah
SIN,SG,Singapur
SJI,PH,San Jose
SJW,CN,Shijiazhuang
SKD,UZ,Samarkand
SKT,PK,Sialkot
SKZ,PK,Sukkur
SLL,OM,Salalah
SLY,RU,Salechard
SNO,TH,Sakon Nakhon
SNW,MM,Thandwe
SOC,ID,Surakarta (Solo)
SOQ,ID,Sorong
SPD,BD,Saidpur
SQD,CN,Shangrao
SQG,ID,Sintang
SQJ,CN,Sanming
SRG,ID,Semarang
SRY,IR,Sari
STV,IN,Surat
SUB,ID,Surabaya
SUG,PH,Surigao
SUI,GE,Sui
SVX,RU,Jekaterinburg
SWA,CN,Shantou
SXR,IN,Srinagar
SYO,JP,Shonai
SYW,PK,Sehwan
SYX,CN,Sanya
SYZ,IR,Shiraz
SZB,MY,Kuala Lumpur
SZF,TR,Samsun
SZX,CN,Shenzhen
TAC,PH,Tacloban
TAE,KR,Daegu
TAG,PH,Panglao
TAI,YE,Taizz
TAK,JP,Takamatsu
TAO,CN,Qingdao
TAS,UZ,Taschkent
TAZ,TM,Dashoguz
TBB,VN,Tuy Hoa
TBH,PH,Insel Tablas
TBS,GE,Tiflis
TBZ,IR,Täbris
TCP,EG,Taba
TCZ,CN,Tengchong
TDG,PH,Tandag
TDX,TH,Trat
TEN,CN,Tongren
TEZ,IN,Tezpur
TFU,CN,Chengdu
TGG,MY,Kuala Terengganu
TGO,CN,Tongliao
THL,MM,Tachilek
THQ,CN,Tianshui
THR,IR,Teheran
THS,TH,Sukhothai
TIF,SA,Taif
TIM,ID,Moses Kilangin,
TJG,ID,Tanjung Warukin
TJK,TR,Tokat
TJM,RU,Tjumen
TJU,TJ,Kulob
TKG,ID,Bandar Lampung
TKN,JP,Tokunoshima
TKS,JP,Tokushima
TLQ,CN,Turpan
TLV,IL,Tel Aviv-Yafo
TMH,ID,Tanahmerah
TMJ,UZ,Termez
TNA,CN,Jinan
TNE,JP,Tanegashima
TNH,CN,Tonghua
TNN,TW,Tainan
TOD,MY,Tioman Insel
TOF,RU,Tomsk
TOY,JP,Toyama
TPE,TW,Taipeh
TPJ,NP,Taplejung
TRA,JP,Tarama
TRK,ID,Juwata,
TRR,LK,Trincomalee
TRV,IN,Thiruvananthapuram
TRZ,IN,Tiruchchirappalli
TSA,TW,Taipeh
TSJ,JP,Tsushima
TSN,CN,Tianjin
TST,TH,Trang
TTE,ID,Ternate
TTJ,JP,Tottori
TTT,TW,Taitung
TUG,PH,Tuguegarao
TUI,SA,Turaif
TUK,PK,Turbat
TUU,SA,Tabuk
TVY,MM,Dawei
TWT,PH,Tawi Tawi Insel
TWU,MY,Tawau
TXE,ID,Takengon
TXN,CN,Huangshan
TYN,CN,Taiyuan
TZX,TR,Trabzon
UBJ,JP,Ube
UBN,MN,Ulaanbaatar
UBP,TH,Ubon Ratchathani
UCB,MN,Ulanqab
UCT,RU,Ukhta
UDR,IN,Udaipur
UEO,JP,Kumejima
UET,PK,Quetta
UGA,MN,Bulgan
UGC,UZ,Urgench
UGU,ID,Bilogai
UIH,VN,Qui Nhon
UKB,JP,Osaka
UKK,KZ,Ust-Kamenogorsk
UKX,RU,Ust-Kut
ULH,SA,AlUla
ULK,RU,Lensk
UNN,TH,Ranong
UPG,ID,Makassar
URA,KZ,Uralsk
URC,CN,Urumqi
URJ,RU,Uray
URT,TH,Surat Thani
URY,SA,Gurayat
USK,RU,Usinsk
USM,TH,Ko Samui
USN,KR,Ulsan
USU,PH,Busuanga
UTH,TH,Udon Thani
UTP,TH,U-Tapao
UUA,RU,Bugulma
VAM,MV,Maamigili-Insel
VAN,TR,Van
VCA,VN,Can Tho
VCS,VN,Insel Con Dao
VDH,VN,Dong Hoi
VDO,VN,Quang Ninh
VGA,IN,Vijayawada
VII,VN,Vinh
VII,VN,Paris
VKG,VN,Rach Gia
VKT,RU,Vorkuta
VNS,IN,Varanasi
VRC,PH,Virac
VTE,LA,Vientiane
VTZ,IN,Visakhapatnam Flughafen,
VYI,RU,Wilyuysk
WAE,SA,Wadi al Dawaser
WDS,CN,Shiyan
WEF,CN,Weifang
WEH,CN,Weihai
WGN,CN,Shaoyang
WHA,CN,Wuhu
WJU,KR,Wonju
WKJ,JP,Wakkanai
WMT,CN,Zunyi
WMX,ID,Wamena
WNI,ID,Wangiwangi-Insel
WNP,PH,Naga
WNS,PK,Nawabshah
WNZ,CN,Wenzhou
WOS,KP,Wonsan
WUH,CN,Wuhan
WUS,CN,Wuyishan
WUX,CN,Wuxi
WUZ,CN,Wuzhou
XAI,CN,Xinyang
XBJ,IR,Birjand
XCH,CX,Weihnachtsinsel
XFN,CN,Xiangyang
XIC,CN,Xichang
XIL,CN,Xilinhot
XIY,CN,Xi'an
XMN,CN,Xiamen
XNN,CN,Xining
XSP,SG,Singapur
XUZ,CN,Xuzhou
YBP,CN,Yibin
YEI,TR,Bursa
YGJ,JP,Yonago
YIA,ID,Yogyakarta
YIC,CN,Yichun (Jiangxi)
YIE,CN,Aershan
YIH,CN,Yichang
YIW,CN,Yiwu
YKH,CN,Yingkou
YKO,TR,Hakkari
YKS,RU,Jakutsk
YNB,SA,Yanbu al Bahr
YNJ,CN,Yanji
YNT,CN,Yantai
YNY,KR,Yangyang
YNZ,CN,Yancheng
YSQ,CN,Songyuan
YTY,CN,Yangzhou
YUS,CN,Yushu
YYA,CN,Yueyang
ZAH,IR,Zahedan
ZAM,PH,Zamboanga
ZBR,IR,Chah Bahar
ZHA,CN,Zhanjiang
ZHY,CN,Zhongwei
ZIX,RU,Zhigansk
ZKP,RU,Zyryanka
ZQZ,CN,Zhangjiakou
ZUH,CN,Zhuhai
ZYI,CN,Zunyi
ZYL,BD,Sylhet
AAE,DZ,Annaba
AAM,ZA,Mala Mala
ABJ,CI,Abidjan
ABK,ET,Kebri Dehar
ABS,EG,Abu Simbel
ABV,NG,Abuja
ACC,GH,Accra
ACE,ES,Lanzarote
ADD,ET,Addis Abeba
AEH,TD,Abeche
AGA,MA,Agadir
AHU,MA,Al Hoceima
AJN,KM,Anjouan
AJY,NE,Agadez
AKF,LY,Kufra
AKR,NG,Akure
ALG,DZ,Algier
AMH,ET,Arba Minch
ANM,IR,Antalaha
APL,MZ,Nampula
ARK,TZ,Arusha
ASA,ER,Assab
ASI,SH,Ascension Insel
ASM,ER,Asmara
ASO,ET,Asosa
ASV,KE,Amboseli
ASW,EG,Assuan
ATZ,EG,Asyut
AWA,ET,Awasa
AXU,ET,Axum
AZR,DZ,Adrar
BBK,BW,Kasane
BBO,SO,Berbera
BCU,NG,Bauchi
BDT,CD,Gbadolith
BEN,LY,Benghazi
BEW,MZ,Beira
BFN,ZA,Bloemfontein
BGF,CF,Bangui
BJA,DZ,Bejaia
BJL,GM,Banjul
BJM,BI,Bujumbura
BJR,ET,Bahar Dar
BKO,ML,Bamako
BLJ,DZ,Batna
BLZ,MW,Blantyre
BNI,NG,Benin City
BOY,BF,Bobo Dioulasso
BPY,MG,Besalampy
BSG,GQ,Bata
BSK,DZ,Biskra
BUQ,ZW,Internationaler Flughafen Joshua Mqabuko Nkomo,
BUX,CD,Bunia
BVC,CV,Boa Vista Insel
BYK,CI,Bouake
BZV,CG,Brazzaville
CAB,AO,Cabinda
CAI,EG,Cayenne
CBH,DZ,Bechar
CBQ,NG,Calabar
CBT,AO,Catumbela
CFK,DZ,Chlef
CKY,GN,Conakry
CMN,MA,Casablanca
COO,BJ,Cotonou
CPT,ZA,Kapstadt
CSK,SN,Kappe Skiring
CZL,DZ,Konstantin
DAR,TZ,Dar es Salaam
DBB,EG,Dabah
DIE,IR,Antsiranana
DIR,ET,Dire Dawa
DIS,CG,Dolisie
DJE,TN,Djerba
DJG,DZ,Djanet
DLA,CM,Douala
DOD,TZ,Dodoma
DOG,SD,Dongola
DSS,SN,Dakar
DUE,AO,Dundo
DUR,ZA,Durban
DZA,YT,Dzaoudzi
EBB,UG,Entebbe
EBD,SD,El Obeid
EDL,KE,Eldoret
ELF,SD,El Fasher
ELG,DZ,El Golea
ELS,ZA,Ost-London
ELU,DZ,El Oued
ENU,NG,Enugu
ERH,MA,Errachidien
ERS,NA,Windhoek
ESU,MA,Essaouira
EUN,MA,Laayoune
FBM,CD,Lubumbashi
FDU,CD,Bandundu
FEZ,MA,Fes
FIH,CD,Kinshasa
FKI,CD,Kisangani
FMI,CD,Kalemie
FNA,SL,Freetown
FRW,BW,Francistown
FTU,MG,Tolanaro
FUE,ES,Fuerteventura
GAE,TN,Gabes
GAF,TN,Gafsa
GAQ,ML,Gao
GBE,BW,Gaborone
GDE,ET,Gode
GDQ,ET,Gonder
GHA,DZ,Ghardaia
GHT,LY,Ghat
GJL,DZ,Jijel
GMA,CD,Gemena
GMB,ET,Gambela
GMO,NG,Gombe
GOM,CD,Goma
GOU,CM,Garoua
GRJ,ZA,George
GXG,AO,Negage
HAH,KM,Moroni
HBE,EG,Alexandria
HGA,SO,Hargeisa
HLA,ZA,Johannesburg
HMB,EG,Sohag
HME,DZ,Hassi Messaoud
HRE,ZW,R.G. Mugabe Intl,
HRG,EG,Hurghada
HRM,DZ,Hassi R'mel
HVA,MG,Analalava
IAM,DZ,In Amenas
IBA,NG,Ibadan
ILR,NG,Ilorin
INH,MZ,Inhambane
INZ,DZ,In Salah
IRP,CD,Isiro
JIB,DJ,Dschibuti
JIJ,ET,Jijiga
JIM,ET,Jimma
JNB,ZA,Johannesburg
JOS,NG,Jos
JRO,TZ,Kilimandscharo
JUB,SS,Juba
JWA,BW,Jwaneng
KAD,NG,Kaduna
KAN,NG,Kano
KBS,SL,Bo
KEN,SL,Kenema
KGA,CD,Kananga
KGL,RW,Kigali
KIM,ZA,Kimberley
KIS,KE,Kisumu
KKW,CD,Kikwit
KME,RW,Cyangugu
KMS,GH,Kumasi
KND,CD,Kindu
KOU,GA,Koulamoutou
KRT,SD,Khartoum
KSL,SD,Kassala
KWZ,CD,Kolwezi
KYS,ML,Kayes
LAD,AO,Luanda
LAQ,LY,Beida
LAU,KE,Lamu
LBV,GA,Libreville
LFW,TG,Lome
LKG,KE,Lokichogio
LLW,MW,Lilongwe
LOS,NG,Lagos
LPA,ES,Gran Canaria
LTD,LY,Ghadames
LUD,NA,Luderitz
LUN,ZM,Lusaka
LVI,ZM,Livingstone
LXR,EG,Luxor
MAK,SS,Malakal
MAX,SN,Matam
MBA,KE,Mombasa
MBD,ZA,Mmabatho/Mafikeng
MBI,TZ,Mbeya
MDI,NG,Makurdi
MDK,CD,Mbandaka
MEG,AO,Malanje
MFU,ZM,Mfuwe
MGH,ZA,Margate
MGQ,SO,Mogadischu
MIR,TN,Monastir
MIU,NG,Maiduguri
MJI,LY,Tripolis
MJL,GA,Mouila
MJM,CD,Mbuji-Mayi
MJN,MG,Mahajanga
MKU,GA,Makokou
MLN,ES,Melilla
MLW,LR,Monrovia
MMO,CV,Insel Maio
MNJ,MG,Mananjary
MOQ,MG,Morondava
MPM,MZ,Maputo
MQP,ZA,Nelspruit
MQQ,TD,Moundou
MQX,ET,Mekele
MRU,MU,Mauritius
MSU,LS,Maseru
MSW,ER,Massawa
MSZ,AO,Namibe
MUB,BW,Maun
MUH,EG,Mersa Matruh
MVB,GA,Franceville
MVR,CM,Maroua
MWZ,TZ,Mwanza
MXM,MG,Morombe
MYD,KE,Malindi
MYW,TZ,Mtwara
MZI,ML,Mopti
NBE,TN,Enfidha
NBO,KE,Nairobi
NDB,MR,Nouadhibou
NDJ,TD,N'Djamena
NDR,MA,Nador
NDU,,Rundu
NGE,CM,Ngaoundere
NIM,NE,Niamey
NKC,MR,Nouakchott
NLA,ZM,Simon M. Kapwepwe Intl,
NOS,IR,Nosy-Be
NOV,AO,Huambo
NSI,CM,Yaounde
NWA,KM,Moheli
NYI,GH,Sunyani
NYK,KE,Nanyuki
OGX,DZ,Ouargla
OMD,NA,Oranjemund
OND,NA,Ondangwa
ORN,DZ,Oran
OUA,BF,Ouagadougou
OUD,MA,Oujda
OXB,GW,Bissau
OYE,GA,Oyem
OZG,MA,Zagora
OZZ,MA,Ouarzazate
PBZ,ZA,Plettenberg Bay
PCP,ST,Principe Insel
PHC,NG,Port Harcourt
PHW,ZA,Phalaborwa
PKW,BW,Selebi-Phikwe
PLZ,ZA,Port Elizabeth
PNR,CG,Pointe-Noire
POG,GA,Port-Gentil
POL,MZ,Pemba
PRI,SC,Insel Praslin
PTG,ZA,Polokwane
PZB,ZA,Pietermaritzburg
PZU,SD,Hafen Sudan
QOW,NG,Owerri
QRW,NG,Warri
QSF,DZ,Setif
QUO,NG,Uyo
RAI,CV,Praia
RAK,MA,Marrakech
RBA,MA,Rabat
RCB,ZA,Richards Bay
RMF,EG,Marsa Alam
ROB,LR,Monrovia
RRG,MU,Insel Rodrigues
RUA,UG,Arua
RUN,RE,St-Denis
SDD,AO,Lubango
SEB,LY,Sebha
SEZ,SC,Insel Mahe
SFA,TN,Sfax
SHO,SZ,Manzini
SID,CV,Insel Sal
SKO,NG,Sokoto
SMS,MG,Sainte-Marie
SMW,MA,Semara
SNE,CV,Insel Sao Nicolau
SPC,ES,Santa Cruz de la Palma
SPP,AO,Menongue
SPX,US,Giza
SRT,UG,Soroti
SRX,LY,Sirte
SSG,GQ,Malabo
SSH,EG,Sharm el-Sheikh
SSY,AO,M'banza Kongo
SVB,IR,Sambava
SZA,AO,Soyo
TBJ,TN,Tabarka
TEE,DZ,Tebessa
TET,MZ,Tete
TFN,ES,Teneriffa
TFS,ES,Teneriffa
TGR,DZ,Touggourt
TGT,TZ,Tanga
TIN,DZ,Tindouf
TKD,GH,Takoradi
TLE,MG,Toliara
TLM,DZ,Tlemcen
TML,GH,Tamale
TMM,MG,Toamasina
TMR,DZ,Tamanrasset
TMS,ST,Sao Tome
TMX,DZ,Timimoun
TNG,MA,Tanger
TNR,MG,Antananarivo
TOE,TN,Tozeur
TOM,ML,Tombouctou
TTA,MA,Tan-Tan
TTU,MA,Tetouan
TUD,SN,Tambacounda
TUN,TN,Tunis
UEL,MZ,Quelimane
ULU,UG,Gulu
UTN,ZA,Upington
UTT,ZA,Umtata
UYL,SD,Nyala
VDE,ES,Valverde
VFA,ZW,Victoriafälle
VIL,MA,Dakhla
VNX,MZ,Vilankulos
VOH,IR,Vohimarina
VPE,AO,Ondjiva
VPY,MZ,Chimoio
VVZ,DZ,Illizi
VXC,MZ,Lichinga
VXE,CV,Insel Sao Vicente
WAI,MG,Antsohihy
WDH,,Windhoek
WFI,MG,Fianarantsoa
WIL,KE,Nairobi
WJR,KE,Wajir
WMN,MG,Maroantsetra
WMR,MG,Mananara Avaratra
WUU,SS,Wau
WVB,NA,Walvis Bay
WVK,MG,Manakara
WYE,SL,Yengema
XLS,SN,St-Louis
YAO,CM,Yaounde
YOL,NG,Yola
ZIG,SN,Ziguinchor
ZND,NE,Zinder
ZNZ,TZ,Sansibar
ZSE,RE,St-Pierre
ZVA,MG,Miandrivazo
ZZU,MW,Mzuzu
AAA,PF,Anaa
ABX,AU,Albury
ADL,AU,Adelaide
AHE,PF,Ahe
AKL,NZ,Auckland
ALH,AU,Albany
APW,WS,Apia
ARM,AU,Armidale
ASP,AU,Alice Springs
AUQ,PF,Hiva Oa
AVV,AU,Melbourne
AWK,UM,Wake Island
AXR,PF,Arutua
AYQ,AU,Ayers Rock
BCI,AU,Barcaldine
BDB,AU,Bundaberg
BEU,AU,Bedourie
BHE,NZ,Blenheim
BHQ,AU,Broken Hill
BHS,AU,Bathurst
BKQ,AU,Blackall
BLT,AU,Schwarzwasser
BME,AU,Broome
BMY,NC,Ile Art
BNE,AU,Brisbane
BNK,AU,Ballina
BOB,PF,Bora Bora
BQL,AU,Boulia
BRK,AU,Bourke
BUA,PG,Buka
BVI,AU,Birdsville
BWT,AU,Burnie
CAZ,AU,Cobar
CBR,AU,Canberra
CED,AU,Ceduna
CFS,AU,Coffs Harbour
CHC,NZ,Christchurch
CHT,NZ,Chatham-Insel
CMA,AU,Cunnamulla
CMU,PG,Kundiawa
CNB,AU,Coonamble
CNJ,AU,Cloncurry
CNS,AU,Cairns
CPD,AU,Coober Pedy
CTL,AU,Charleville
CTN,AU,Cooktown
CUQ,AU,Coen
CVQ,AU,Carnarvon
CXI,KI,Kiritimati
DAU,PG,Daru
DBO,AU,Dubbo
DPO,AU,Devonport
DRW,AU,Darwin
DUD,NZ,Dunedin
ELC,AU,Insel Elcho
EMD,AU,Smaragd
EPR,AU,Esperance
FAV,PF,Fakarava
FTI,US,Fitiuta
FUN,TV,Funafuti
FUT,WF,Futuna-Insel
GEA,NC,Noumea
GET,AU,Geraldton
GFF,AU,Griffith
GIS,NZ,Gisborne
GKA,PG,Goroka
GLT,AU,Gladstone
GMR,PF,Gambier
GOV,AU,Nhulunbuy
GTE,AU,Groote Eylandt
GUM,GU,Guam
GUR,PG,Alotau
HBA,AU,Hobart
HGU,PG,Berg Hagen
HID,AU,Horninsel
HIR,SB,Honiara
HKK,NZ,Hokitika
HKN,PG,Hoskins
HLZ,NZ,Hamilton
HNL,US,Honolulu
HNM,US,Hana
HOI,PF,Hoy
HPA,TO,Ha'apai
HTI,AU,Hamilton Island
HUH,PF,Huahine
HVB,AU,Hervey Bay
ILP,NC,Ile des Pins
INU,NR,Insel Nauru
IRG,AU,Lockhart River
ISA,AU,Mount Isa
ITO,US,Hilo
IUE,NU,Niue Insel
IVC,NZ,Invercargill
JHM,US,Kapalua
KAT,NZ,Kaitaia
KGC,AU,Kingscote
KGI,AU,Kalgoorlie-Boulder
KKE,NZ,Kerikeri
KKR,PF,Kaukura
KMA,PG,Kerema
KNQ,NC,Kone
KNS,AU,Königsinsel
KNX,AU,Kununurra
KOA,US,Kona
KOC,NC,Koumac
KSA,FM,Kosrae
KTA,AU,Karratha
KVG,PG,Kavieng
KWA,MH,Insel Kwajalein
KWM,AU,Kowanyama
LAE,PG,Lae
LBS,FJ,Labasa
LEA,AU,Learmonth
LER,AU,Leinster
LHG,AU,Lightning Ridge
LIF,NC,Lifou
LIH,US,Lihue
LNO,AU,Leonora
LNY,US,Lanai City
LRE,AU,Longreach
LST,AU,Launceston
LSY,AU,Lismore
MAG,PG,Madang
MAJ,MH,Majuro
MAS,PG,Manus Insel
MAU,PF,Maupiti
MBW,AU,Melbourne
MCY,AU,Sonnenscheinküste
MDU,PG,Mendi
MEB,AU,Melbourne
MEE,NC,Stute
MEL,AU,Melbourne
MGB,AU,Mount Gambier
MHU,AU,Mount Hotham
MIM,AU,Merimbula
MJK,AU,Monkey Mia
MKK,US,Hoolehua
MKP,PF,Makemo
MKR,AU,Meekatharra
MKY,AU,Mackay
MMG,AU,Magnet montieren
MNG,AU,Maningrida
MOV,AU,Moranbah
MOZ,PF,Moorea
MQL,AU,Mildura
MRZ,AU,Moree
MUA,SB,Munda
MUE,US,Kamuela
MVT,PF,Mataiva
MYA,AU,Moruya
NAA,AU,Narrabri
NAN,FJ,Nanning
NHV,PF,Nuku Hiva
NLK,NF,Norfolkinsel
NOU,NC,Noumea
NPE,NZ,Napier/Hastings
NPL,NZ,New Plymouth
NRA,AU,Narrandera
NSN,NZ,Nelson
NTL,AU,Newcastle
NTN,AU,Normanton
OAM,NZ,Oamaru
OKY,AU,Oakey
OOL,AU,Gold Coast
OOM,AU,Cooma
OPU,PG,Balimo
PBO,AU,Paraburdoo
PER,AU,Perth
PHE,AU,Port Hedland
PKE,AU,Parkes
PLO,AU,Port Lincoln
PMR,NZ,Palmerston North
PNI,FM,Pohnpei
PNP,PG,Popondetta
POM,PG,Port Moresby
PPG,AS,Pago Pago
PPP,AU,Proserpine
PPT,PF,Tahiti
PQQ,AU,Port Macquarie
PTJ,AU,Portland
PUG,AU,Port Augusta
RAB,PG,Rabaul
RAR,CK,Insel Rarotonga
RFP,PF,Raiatea
RGI,PF,Rangiroa
RMA,AU,Roma
ROK,AU,Rockhampton
ROP,MP,Rota
ROR,PW,Koror
ROT,NZ,Rotorua
RUR,PF,Rurutu
SNB,AU,Milikapiti
SON,VU,Luganville
SPN,MP,Saipan
SUV,FJ,Suva
SYD,AU,Sydney
TAH,VU,Insel Tanna
TBU,TO,Nuku'alofa
TCA,AU,Tennant Creek
TGJ,NC,Tiga
THG,AU,Thangool
TIH,PF,Tikehau
TIU,NZ,Timaru
TKK,FM,Chuuk
TKP,PF,Takapoto
TKX,PF,Takaroa
TMW,AU,Tamworth
TOU,NC,Touho
TRG,NZ,Tauranga
TRO,AU,Taree
TRW,KI,Tarawa
TSV,AU,Townsville
TUB,PF,Tubuai
TUO,NZ,Taupo
ULP,AU,Quilpie
UVE,NC,Ouvea
VAI,PG,Vanimo
VAV,TO,Vava'u
VLI,VU,Port Vila
VMU,PG,Baimuru
WAG,NZ,Whanganui
WBM,PG,Wapenamanda
WEI,AU,Weipa
WGA,AU,Wagga Wagga
WHK,NZ,Whakatane
WIN,AU,Winton
WKA,NZ,Wanaka
WLG,NZ,Wellington
WLS,WF,Wallis Insel
WNR,AU,Windorah
WOL,AU,Wollongong
WRE,NZ,Whangarei
WSZ,NZ,Westport
WTB,AU,Toowoomba
WUN,AU,Wiluna
WWK,PG,Wewak
WYA,AU,Whyalla
XMH,PF,Manihi
XTG,AU,Thargomindah
YAP,FM,Yap
ZGU,VU,Insel Gaua
ZNE,AU,Newman
ZQN,NZ,Queenstown
ABE,US,Allentown
ABI,US,Albany
ABQ,US,Albuquerque
ABR,US,Aberdeen
ABY,US,Albany
ACK,US,Nantucket
ACT,US,Waco
ACV,US,Arcata/Eureka
ACY,US,Atlantic City
ADK,US,Adak Insel
ADQ,US,Kodiak
AEX,US,Alexandria
AGS,US,Augusta
AHN,US,Athen
AIN,US,Wainwright
AKN,US,Königslachs
ALB,US,Albany
ALO,US,Waterloo
ALS,US,Alamosa
ALW,US,Walla Walla
AMA,US,Ama
ANC,US,Anchorage
ANI,US,Aniak
ANN,US,Ann
ANV,US,Anvik
AOO,US,Altoona
APN,US,Alpena
ARC,US,Arctic Village
KUNST,US,Watertown
ASE,US,Aspen
ATL,US,Atlanta
ATY,US,Watertown
AUG,US,Augusta
AUS,US,Austin
AVL,US,Asheville/Hendersonv.
AVP,US,Wilkes-Barre/Scranton
AZA,US,Phoenix
AZO,US,Kalamazoo/Battle Creek
BAR,US,Qionghai
BDL,US,Hartford
BDR,US,Bridgeport
BED,US,Bedford
BET,US,Bethel
BFD,US,Bradford
BFF,US,Scottsbluff
BFI,US,Seattle
BFL,US,Bakersfield
BGM,US,Binghamton
BGR,US,Bangor
BHB,US,Bar Harbor
BHM,US,Birmingham
BIL,US,Billings
BIS,US,Bismarck
BJC,US,Denver
BKW,US,Beckley
BLF,US,Bluefield/Princeton
BLI,US,Bellingham
BLV,US,Belleville
BMI,US,Bloomington/Normal
BNA,US,Nashville
BOI,US,Boise
BOS,US,Boston
BPT,US,Beaumont/Port Arthur
BQK,US,Brunswick
BQN,US,Aguadilla
BRD,US,Brainerd
BRL,US,Burlington
BRO,US,Brownsville
BRW,US,Utqiagvik Barrow
BTM,US,Butte
BTR,US,Baton Rouge
BTV,US,Burlington
BUF,US,Buffalo
BUR,US,Burbank
BWI,US,Washington
BZN,US,Bozeman
CAE,US,Kolumbien
CAK,US,Akron/Kanton
CDC,US,Cedar City
CDV,US,Cordova
CEC,US,Crescent City
CGI,US,Cape Girardeau
CHA,US,Chattanooga
CHO,US,Charlottesville
CHS,US,Charleston
CID,US,Cedar Rapids
CIU,US,Sault Ste Marie
CKB,US,Clarksburg
CLE,US,Cleveland
CLL,US,College Station
CLM,US,Port Angeles
CLT,US,Charlotte
CMH,US,Columbus
CMI,US,Champaign/Urbana
CMX,US,Hancock
CNM,US,Carlsbad
COD,US,Cody
COS,US,Colorado Springs
COU,US,Kolumbien
CPR,US,Casper
CRP,US,Corpus Christi
CRW,US,Charleston
CSG,US,Columbus
CVG,US,Cincinnati
CYS,US,Cheyenne
DAB,US,Daytona Beach
DAL,US,Dallas
DAY,US,Dayton
DBQ,US,Dubuque
DCA,US,Washington
DDC,US,Dodge City
DEC,US,Decatur
DEN,US,Denver
DFW,US,Dallas
DHN,US,Dothan
DLG,US,Dillingham
DLH,US,Duluth
DSM,US,Des Moines
DTW,US,Detroit
DUJ,US,DuBois
DUT,US,Dutch Harbor
EAR,US,Kearney
EAU,US,Eau Claire
ECP,US,Panama-Stadt
EGE,US,Vail/Eagle
EGX,US,Egegik
EKO,US,Elko
ELD,US,El Dorado
ELM,US,Elmira/Corning
ELP,US,El Paso
EMK,US,Emmonak
ERI,US,Erie
EUG,US,Eugene
EWB,US,New Bedford/Fall River
EWN,US,New Bern
EWR,US,New York
EYW,US,Key West
FAI,US,Fayetteville
FAR,US,Fargo
FAT,US,Fresno
FAY,US,Fayetteville
FCA,US,Kalispell
FHU,US,Sierra Vista
FLG,US,Grand Canyon
FLL,US,Fort Lauderdale
FLO,US,Florenz
FNT,US,Flint
FOD,US,Fort Dodge
FSD,US,Sioux Falls
FSM,US,Fort Smith
FTI,US,Fitiuta
GCC,US,Gillette
GCK,US,Gartenstadt
GCN,US,Grand Canyon
GEG,US,Spokane
GFK,US,Grand Forks
GGG,US,Longview
GGW,US,Glasgow
GJT,US,Grand Junction
GLH,US,Greenville
GNV,US,Gainesville
GPT,US,Gulfport/Biloxi
GRB,US,Green Bay
GRI,US,Grand Island
GRK,US,Killeen/Fort Hood
GRR,US,Grand Rapids
GSO,US,Greensboro/High Point
APS,US,Greenville/Spartanburg
GST,US,Gustavus
GTF,US,Great Falls
GTR,US,Columbus
HCR,US,Heiliges Kreuz
HIB,US,Hibbing/Chisholm
HII,US,Lake Havasu City
HLN,US,Helena
HNL,US,Honolulu
HNM,US,Hana
HNS,US,Haines
HOB,US,Hobbs
HON,US,Hon
HOT,US,Hot Springs
HOU,US,Houston
HPN,US,White Plains
HRL,US,Harlingen
HRO,US,Harrison
HSV,US,Huntsville
HTS,US,Huntington
HVN,US,New Haven
HYA,US,Hyannis
IAD,US,Washington
IAG,US,Niagarafälle
IAH,US,Houston
ICT,US,Wichita
IDA,US,Idaho Falls
ILG,US,Wilmington
ILM,US,Wilmington
INL,US,International Falls
IPT,US,Williamsport
IRK,US,Kirksville
ISP,US,Islip
ITH,US,Ithaca
ITO,US,Hilo
JAC,US,Jackson
JAN,US,Jackson
JAX,US,Jacksonville
JBR,US,Jonesboro
JFK,US,New York
JHM,US,Kapalua
JLN,US,Joplin
JMS,US,Jamestown
JNU,US,Juneau
JST,US,Johnstown
KOA,US,Kona
KTN,US,Ketchikan
LAN,US,Lansing
LAR,US,Lar
LAS,US,Las Vegas
LAX,US,Los Angeles
LBB,US,Lubbock
LBE,US,Latrobe
LBF,US,North Platte
LBL,US,Liberale
LCH,US,Lake Charles
LCK,US,Columbus
LEB,US,Libanon
LEX,US,Lexington
LFT,US,Lafayette
LGA,US,New York
LGB,US,Long Beach
LIH,US,Lihue
LIT,US,Little Rock
LMT,US,Klamath Falls
LNK,US,Lincoln
LNS,US,Lancaster
LNY,US,Lanai City
LRD,US,Laredo
LSE,US,La Crosse
LWS,US,Lewiston
LWT,US,Lewistown
LYH,US,Lynchburg
MAF,US,Midland
MAZ,US,Mayaguez
MBS,US,Saginaw/Midland/Bay C.
MCG,US,McGrath
MCI,US,Kansas City
MCN,US,Macon
MCO,US,Orlando
MDT,US,Harrisburg
MDW,US,Chicago
MEI,US,Meridian
MEM,US,Memphis
MFE,US,McAllen/Mission
MFR,US,Medford
MGM,US,Montgomery
MGW,US,Morgantown
MHK,US,Manhattan
MHR,US,Sacramento
MHT,US,Manchester
MIA,US,Miami
MKE,US,Milwaukee
MKG,US,Muskegon
MKK,US,Hoolehua
MKL,US,Jackson
MLB,US,Melbourne
MLI,US,Moline
MLL,US,Marshall
MLS,US,Miles City
MLU,US,Monroe
MOB,US,Mobil
MOT,US,Minot
MQT,US,Marquette
MRY,US,Monterey/Carmel
MSL,US,Muscle Shoals/Florence
MSN,US,Madison
MSO,US,Missoula
MSP,US,Minneapolis/St Paul
MSS,US,Massena
MSY,US,New Orleans
MTJ,US,Montrose
MUE,US,Kamuela
MYR,US,Myrtle Beach
OAJ,US,Jacksonville
OAK,US,Oakland
OGD,US,Ogden
OGG,US,Kahului
OGS,US,Ogdensburg
OKC,US,Oklahoma City
OMA,US,Omaha
OME,US,Nome
ONT,US,Los Angeles
ORD,US,Chicago
ORF,US,Norfolk
ORH,US,Worcester
OTH,US,North Bend
OTZ,US,Kotzebue
OWB,US,Owensboro
PAE,US,Seattle
PAH,US,Paducah
PBG,US,Plattsburgh
PBI,US,West Palm Beach
PDT,US,Pendleton
PDX,US,Portland
PGD,US,Punta Gorda
PHF,US,Newport News/Williamsb
PHL,US,Philadelphia
PHX,US,Phoenix
PIA,US,Peoria
PIB,US,Hattiesburg/Laurel
PIE,US,Tampa
PIH,US,Pocatello
PIR,US,Pierre
PIT,US,Pittsburgh
PKB,US,Parkersburg
PLN,US,Pellston
PNE,US,Philadelphia
PNS,US,Pensacola
PQI,US,Presque Isle
PRC,US,Prescott
PSC,US,Pasco
PSG,US,Petersburg
PSM,US,Boston
PSP,US,Palm Springs
PUB,US,Pueblo
PUW,US,Pullman WA/Moskau ID
PVD,US,Vorsehung
PVU,US,Provo
PWM,US,Portland
RAP,US,Rapid City
RDD,US,Redding
RDG,US,Lesen
RDM,US,Redmond/Bend
RDU,US,Raleigh/Durham
RFD,US,Chicago
RHI,US,Rhinelander
RIC,US,Richmond
RIW,US,Riverton
RKS,US,Rock Springs
RNO,US,Reno
ROA,US,Roanoke
ROC,US,Rochester
ROW,US,Roswell
RST,US,Rochester
RSW,US,Fort Myers
RUT,US,Rutland
SAF,US,Santa Fe
SAN,US,San Diego
SAT,US,San Antonio
SAV,US,Savannah
SBA,US,Santa Barbara
SBD,US,San Bernardino
SBP,US,San Luis Obispo
SBY,US,Salisbury/Ocean City
SCC,US,Prudhoe Bay/Deadhorse
SCE,US,State College
SDF,US,Louisville
SEA,US,Seattle
SFB,US,Orlando
SFO,US,San Francisco
SGF,US,Springfield
SGU,US,St. George
SHD,US,Staunton/Waynesboro
SHR,US,Sheridan
SHV,US,Shreveport
SIT,US,Sitka
SJC,US,San Jose
SJT,US,San Angelo
SLC,US,Salt Lake City
SLK,US,Saranac Lake
SLN,US,Salina
SMF,US,Sacramento
SMX,US,Santa Maria
SNA,US,Santa Ana
SNP,US,Insel St. Paul
SPI,US,Springfield
SPS,US,Wichita Falls
SPX,US,Giza
SRQ,US,Sarasota/Bradenton
STC,US,St Cloud
STG,US,St.-George-Insel
STL,US,St. Louis
STS,US,Santa Rosa
SUN,US,Hailey/Sun Valley
SUX,US,Sioux City
SWF,US,New York
SYR,US,Syracuse
TBN,US,Fort Leonard Wood
TLH,US,Tallahassee
TOL,US,Tol
TPA,US,Tampa
TRI,US,Bristol/Johnson/Kingsp
TTN,US,Philadelphia
TUL,US,Tulsa
TUP,US,Tupelo
TUS,US,Tucson
TVC,US,Traverse City
TWF,US,Twin Falls
TXK,US,Texarkana
TYR,US,Tyler
TYS,US,Knoxville
UIN,US,Quincy
USA,US,Concord
UST,US,St. Augustine
VCT,US,Victoria
VEL,US,Vernal
VLD,US,Valdosta
VPS,US,Destin/Ft Walton Beach
WKK,US,Aleknagik
WRG,US,Wrangell
XNA,US,Fayetteville/Springd.
XWA,US,Williston
YAK,US,Yakutat
YKM,US,Yakima
YUM,US,Yuma
AKV,CA,Akulivik
ILF,CA,Ilford
LAK,CA,Aklavik
MSA,CA,Muskrat Dam
QBC,CA,Bella Coola
XGR,CA,Kangiqsualujjuaq
XKS,CA,Kasabonika
XTL,CA,Tadoule See
YAA,CA,Anahim See
YAC,CA,Cat Lake
YAG,CA,Fort Frances
YAL,CA,Alert Bay
YAM,CA,Sault Ste Marie
YAT,CA,Attawapiskat
YAY,CA,St. Antonius
YAZ,CA,Tofino
YBB,CA,Kugaaruk
YBC,CA,Baie-Comeau
YBE,CA,Uranium City
YBG,CA,Saguenay-Bagotville
YBK,CA,Baker Lake
YBL,CA,Campbell River
YBR,CA,Brandon
YBT,CA,Brochet
YBV,CA,Berens River
YBX,CA,Blanc-Sablon
YBY,CA,Bonnyville
YCB,CA,Cambridge Bay
YCD,CA,Nanaimo
YCG,CA,Castlegar
YCH,CA,Miramichi
YCL,CA,Charlo
YCO,CA,Kugluktuk
YCS,CA,Chesterfield Inlet
YCY,CA,Clyde River
YDA,CA,Dawson City
YDF,CA,Deer Lake
YDN,CA,Dauphin
YDP,CA,Nain
YDQ,CA,Dawson Creek
YEG,CA,Edmonton
YEK,CA,Arviat
YER,CA,Fort Severn
YEV,CA,Inuvik
YFA,CA,Fort Albany
YFB,CA,Iqaluit
YFC,CA,Fredericton
YFH,CA,Fort Hope
YFO,CA,Flin Flon
YFS,CA,Fort Simpson
YGB,CA,Gillies Bay
YGH,CA,Fort Good Hope
YGK,CA,Kingston
YGL,CA,La Grande Riviere
YGO,CA,Gods Lake Narrows
YGP,CA,Gaspe
YGR,CA,Iles de La Madeleine
YGT,CA,Igloolik
YGW,CA,Kuujjuarapik
YGX,CA,Gillam
YGZ,CA,Grise Fiord
YHD,CA,Dryden
JHI,CA,Ulukhaktok
YHK,CA,Gjoa Haven
YHM,CA,Toronto
YHO,CA,Hopedale
YHR,CA,Chevery
YHU,CA,Montreal
YHY,CA,Hay River
YHZ,CA,Halifax
YIK,CA,Ivujivik
YIO,CA,Teicheinlauf
YIV,CA,Island Lk/Garden Hill
YJT,CA,Stephenville
YKA,CA,Kamloops
YKF,CA,Toronto
YKG,CA,Kangirsuk
YKL,CA,Schefferville
YKQ,CA,Waskaganisch
YLC,CA,Kimmirut
YLH,CA,Lansdowne House
YLL,CA,Lloydminster
YLW,CA,Kelowna
YMH,CA,Mary's Harbour
YMM,CA,Fort McMurray
YMN,CA,Makkovik
YMO,CA,Moosonee
YMT,CA,Chibougamau
YNA,CA,Natashquan
YNC,CA,Wemindji
YND,CA,Ottawa
YNE,CA,Norwegen-Haus
YNL,CA,Points North Landing
YNS,CA,Nemiscau
YOC,CA,Old Crow
YOH,CA,Oxford House
YOJ,CA,Hochrangig
YOP,CA,Regenbogensee
YOW,CA,Ottawa
YPA,CA,Prince Albert
YPC,CA,Paulatuk
YPE,CA,Peace River
YPH,CA,Inukjuak
YPJ,CA,Aupaluk
YPL,CA,Pickle Lake
YPM,CA,Pikangikum
YPO,CA,Peawanuck
YPR,CA,Prince Rupert
YPW,CA,Powell River
YPY,CA,Fort Chipewyan
YPZ,CA,Burns Lake
YQB,CA,Quebec
YQC,CA,Quaqtaq
YQD,CA,The Pas
YQG,CA,Windsor
YQK,CA,Kenora
YQL,CA,Lethbridge
YQM,CA,Moncton
YQN,CA,Nakina
YQQ,CA,Comox
YQR,CA,Regina
YQT,CA,Thunder Bay
YQU,CA,Grande Prairie
YQX,CA,Gander
YQY,CA,Sydney
YQZ,CA,Quesnel
YRA,CA,Gameti
YRB,CA,Resolute
YRF,CA,Cartwright
YRJ,CA,Roberval
YRL,CA,Red Lake
YRT,CA,Rankin Inlet
YSB,CA,Sudbury
YSF,CA,Stony Rapids
YSG,CA,Lutselke
YSJ,CA,Saint John
YSK,CA,Sanikiluaq
YSM,CA,Fort Smith
YST,CA,St. Theresia Point
YSY,CA,Sachs Harbour
YTE,CA,Kinngait
YTF,CA,Alma
YTH,CA,Thompson
YTL,CA,Big Trout Lake
YTM,CA,Mont-Tremblant
YTS,CA,Timmins
YTZ,CA,Toronto
YUB,CA,Tuktoyaktuk
YUD,CA,Umiujaq
YUL,CA,Montreal
YUT,CA,Repulse Bay
YUX,CA,Sanirajak
YUY,CA,Rouyn-Noranda
YVC,CA,La Ronge
YVM,CA,Qikiqtarjuaq
YVO,CA,Val d'Or
YVP,CA,Kuujjuaq
YVQ,CA,Norman Wells
YVR,CA,Vancouver
YVZ,CA,Deer Lake
JWB,CA,Kangiqsujuaq
YWG,CA,Winnipeg
YWJ,CA,Deline
YWK,CA,Wabush
YWL,CA,Williams Lake
YWP,CA,Webequie
YXC,CA,Cranbrook
YXE,CA,Saskatoon
YXH,CA,Medicine Hat
YXJ,CA,Fort St John
YXL,CA,Sioux Lookout
YXN,CA,Walfischbucht
YXP,CA,Pangnirtung
YXS,CA,Prince George
YXT,CA,Terrasse
YXU,CA,London
YXX,CA,Vancouver
YXY,CA,Whitehorse
YYB,CA,North Bay
YYC,CA,Calgary
YYD,CA,Smithers
YYE,CA,Fort Nelson
YYF,CA,Penticton
YYG,CA,Charlottetown
YYH,CA,Taloyoak
YYJ,CA,Victoria
YYL,CA,Lynn Lake
YYQ,CA,Churchill
JJR,CA,Gänsebucht
YYT,CA,St. John's
YYU,CA,Kapuskasing
YYY,CA,Mont-Joli
YYZ,CA,Toronto
YZA,CA,Cache Creek/Ashcroft
YZF,CA,Yellowknife
YZG,CA,Salluit
YZP,CA,Sandgrube
YZR,CA,Sarnia
YZS,CA,Coral Harbour
YZT,CA,Port Hardy
YZV,CA,Sept-Iles
ZAC,CA,York Landing
ZBF,CA,Bathurst
ZEL,CA,Bella Bella
ZEM,CA,Eastmain
ZFD,CA,Fond-du-Lac
ZFM,CA,Fort McPherson
ZFN,CA,Tulita
ZGI,CA,Gods River
ZKE,CA,Kashechewan
ZMT,CA,Masset
ZPB,CA,Sachigo See
ZRJ,CA,Runder See
ZSJ,CA,Sandy Lake
ZTM,CA,Schamattawa
ZWL,CA,Wollaston See